id,CompanyName,address,phone,representative,email,description,sector,ProductAndService,Market,Masothue,Year,Scale,Capacity,Price,formatted_address,latitude,longitude,place_id
company_1,Công Ty TNHH MTV Minh Tâm Phát,"261 KP. 3, QL. 1A, TT. Bến Lức, H. Bến Lức, Long An",0913 958 373,Mr. Phạm Hoàng Phát,minhtamphat@gmail.com,Công Ty TNHH MTV Minh Tâm Phát thành lập và hoạt động từ năm 2004 chuyên: + Xay xát các loại gạo đặc sản và thông dụng + Cung cấp gạo cho bếp ăn công nghiệp - trường học Sản phẩm được sản xuất đạt chuẩn An Toàn Vệ Sinh Thực Phẩm bộ NN&PTNT Long An cấp.,Xay Xát - Nhà Máy Xay Xát Lúa Gạo,"Xay Xát - Nhà Máy Xay Xát Lúa Gạo;Gạo - Công Ty Và Đại Lý Gạo;Nhà sản xuất, Công ty Thương mại;Toàn quốc",Toàn quốc,1100523365,2004,Từ 11  - 50 người,121.03190457039808,1849.0338149102167,"3 QL1A, TT. Bến Lức, Bến Lức, Long An, Việt Nam",10.6381923,106.4782859,ChIJuf7OLWXMCjERcZpjTG4k9d0
company_2,Công Ty Cổ Phần Sản Xuất Thương Mại Lúa Vàng Việt,"785-787 Cách Mạng Tháng tám, Khu Phố 2, Phường 3, Thành Phố Tây Ninh, Tây Ninh",0945402710,Mr. Đào Duy Băng Thanh,thanhdao@ducthanhco.vn,"Công Ty Lúa Vàng Việt là đơn vị sản xuất và cung ứng các loại gạo trắng thương phẩm, gạo lứt thô,.. Ngoài ra còn có các phụ phẩm gạo khác như tấm, cám và vỏ trấu. Với quy mô nhà máy lớn nhất Tây Ninh được thành lập vào năm 2018, chúng tôi mong muốn cùng các nhà phân phối đẩy mạnh hệ thống phân phối đến khắp các tỉnh miền Nam và cả nước, bên cạnh đó là xuất khẩu ra nước ngoài. Với sứ mệnh sánh vai và nâng cao sinh kế nhà nông, chúng tôi mang đến các sản phẩm gạo chất lượng cao, hợp khẩu vị và an toàn cho sức khỏe người tiêu dùng. Rất hân hạnh được hợp tác!",Gạo - Công Ty Và Đại Lý Gạo,"Gạo - Công Ty Và Đại Lý Gạo;Xay Xát - Nhà Máy Xay Xát Lúa Gạo;Sản xuất;Toàn quốc, Quốc tế;HACCP, VSATTP","HACCP, VSATTP",3901259282,2018,Từ 51  - 100 người,86.60907875135098,2195.5709415292504,"785 Cách Mạng Tháng Tám, Hiệp Ninh, Tây Ninh, Việt Nam",11.308933,106.1141946,ChIJGXPpnFNqCzERwiHs1hwPApw
company_3,Công Ty TNHH Chế Biến Nông Sản Song Long,"Thôn 3, Bắc Ruộng, Tánh Linh, Bình Thuận",0971 173 168,Nguyễn Thị La Ngà,langariver@gmail.com,Công Ty TNHH Chế Biến Nông Sản Song Long chuyên dịch vụ xay sát nông sản.,Xay Xát - Nhà Máy Xay Xát Lúa Gạo,"Xay Xát - Nhà Máy Xay Xát Lúa Gạo;Công ty Dịch vụ;Toàn quốc, Quốc tế","Toàn quốc, Quốc tế",2017,Công Ty TNHH Chế Biến Nông Sản Song Long,Công ty Dịch vụ,63.28151376920002,679.3416854897065,"thôn 3, Tánh Linh, Bình Thuận, Việt Nam",10.9190075,107.6737449,ChIJaTn9vhw2dDEREnnE9GeBVOA
company_4,Công ty TNHH Ngọc Ngọc Hà,"Số 15, Tổ 1, Ấp An Long, Xã An Thạnh Trung, Huyện Chợ Mới, An Giang",0972 272 244,Mr. Ngô Văn Nhanh,beriphong@Gmail.com,"Công ty chúng tôi chuyên sản xuất, xay xát lúa gạo.",Xay Xát - Nhà Máy Xay Xát Lúa Gạo,Xay Xát - Nhà Máy Xay Xát Lúa Gạo;Sản xuất;Toàn quốc,Toàn quốc,1601979776,2017,Từ 11  - 50 người,146.37743877810493,1429.721760880253,"An Thạnh Trung, Tp. Long Xuyên, An Giang, Việt Nam",10.427419,105.488828,ChIJHZfm2O5tCjERxQMVEViFEac
company_5,Công Ty Cổ Phần Hoàng Minh Nhật,"Số 18/2, Đường tỉnh lộ 922, ấp Thới Khánh A, xã Tân Thạnh, H. Thới Lai, TP. Cần Thơ",No phone,Hotline,hmn@hmnfoodco.com,"Công Ty CP Hoàng Minh Nhật đến nay đã có hơn 10 năm kinh nghiệm trong ngành sản xuất và chế biến gạo xuất khẩu với hệ thống dây chuyển công nghệ máy móc hiện đại cùng đội ngũ cán bộ, công nhân viên dày dặn kinh nghiệm.Ngành nghề kinh doanh:- Gieo trồng, sản xuất, xay xát, và chế biến lúa gạo xuất khẩu- Kinh doanh lúa gạo- Cung cấp nguyên liệu chế biến thức ăn gia súc từ phụ phẩm lúa gạo (cám, tấm, ..)- Vận tải hàng hóa thủy nội địa và đường bộCác sản phẩm của chúng tôi đã và đang có mặt tại các thị trường quốc tế như Đông Nam á, Trung Đông, khu vực Châu á, Châu Phu và các nước Châu Mỹ,..Sản phẩm chính: - Gạo trắng hạt dài các loại 5%, 10%, 15%, 20%, 25%, 100% tấm- Các loại gạo trắng cho đặc tính mềm cơm, dẻo, thơm.",Xay Xát - Nhà Máy Xay Xát Lúa Gạo,"Xay Xát - Nhà Máy Xay Xát Lúa Gạo;Gạo - Công Ty Và Đại Lý Gạo;Thức Ăn Chăn Nuôi - Nguyên Liệu Sản Xuất Thức Ăn Chăn Nuôi;Nhà sản xuất, Công ty Xuất Khẩu;Toàn quốc, Quốc tế;HACCP",HACCP,HACCP,Công Ty Cổ Phần Hoàng Minh Nhật,"Nhà sản xuất, Công ty Xuất Khẩu",61.60375261272127,2296.384705716507,"2 ĐT922, Định Môn, Thới Lai, Cần Thơ, Việt Nam",10.0883762,105.5907899,ChIJvQBCrsuaoDERycYt6NvSI0I
company_6,Cơ Sở Vĩnh Hiệp,"59 Tạ Uyên, P. 15, Q. 5, TP. Hồ Chí Minh (TPHCM)",No phone,No representative,No email,No description,Xay Xát - Nhà Máy Xay Xát Lúa Gạo,Xay Xát - Nhà Máy Xay Xát Lúa Gạo,Xay Xát - Nhà Máy Xay Xát Lúa Gạo,No tax code,No year,No scale,181.69283528869693,2358.196164101422,"59 Tạ Uyên, Phường 15, Quận 5, Hồ Chí Minh, Việt Nam",10.7550691,106.6536818,ChIJge83OPMudTERR8WVnSIlStU
company_7,Doanh Nghiệp Tư Nhân Ba Xê,"781 ấp 6B, X. Tân Hoà Châu Thành A, Hậu Giang",No phone,Mr. Lý Phước Lộc,locb1705759@student.ctu.edu.vn,Doanh Nghiệp Tư Nhân Ba Xê  chuyên xay xát gia công sấy lúa với 19 năm hoạt động trong lĩnh vực sấy lúa và xay xát . Đảm bảo chất lượng uy tín hàng đầu.,Xay Xát - Nhà Máy Xay Xát Lúa Gạo,Xay Xát - Nhà Máy Xay Xát Lúa Gạo;Miền Nam,Miền Nam,2002,Từ 11  - 50 người,Doanh Nghiệp Tư Nhân Ba Xê,85.76194016544538,2324.5448941080367,"Tân Hòa, Châu Thành A, Hậu Giang, Việt Nam",9.9161699,105.6119301,ChIJBXdcKWiNoDERusEZJn4JWzA
company_8,Nhà Máy Xay Xát Lúa Gạo Sáng,"Tổ 1, Ấp Tây, X. Long phước, TP. Bà Rịa, Bà Rịa-Vũng Tàu",No phone,No representative,No email,No description,Xay Xát - Nhà Máy Xay Xát Lúa Gạo,Xay Xát - Nhà Máy Xay Xát Lúa Gạo,Xay Xát - Nhà Máy Xay Xát Lúa Gạo,No tax code,No year,No scale,72.12512515578939,934.5659432600614,"Long Phước, Bà Rịa, Bà Rịa - Vũng Tàu, Việt Nam",10.5373107,107.2252675,ChIJOZGblxELdTERCm4GgLZMHC8
company_10,Công Ty TNHH MTV Thương Mại Xuất Nhập Khẩu Tân Phát,"ấp Bình Hiệp B, X. Bình Thạnh Trung, H. Lấp Vò, Đồng Tháp",0918 584 395,Ông Trương Xịa Tiến,truongxiatien@gmail.com,"Công ty Tân Phát được thành lập vào năm 2011, tiền thân là DNTN Tân Phát được thành lập từ năm 1998. Công ty có nhà máy tại Đồng Tháp và An Giang, là thành viên của Hiệp Hội Lương Thực Việt Nam. Tận dụng nguồn vỏ trấu từ nhà máy xay xát, Công ty đầu tư hệ thống ép viên trấu với công suất hiện tại là 8.000 tấn/tháng và đến cuối năm 2014 sẽ tăng sản lượng lên 12.000 tấn/tháng. Đây chính là nguyên liệu dùng đốt lò hơi, thay thế cho than đá, dầu FO.. giúp tiết kiệm 40% chi phí và bảo vệ môi trường, được Cục Kiểm dịch Thực vật cấp Chứng nhận Xử lý nhiệt 150 độ trong 10 phút, đủ tiêu chuẩn xuất khẩu sang thị trường Hàn Quốc, Nhật Bản và Châu Âu.","Củi Trấu, Viên Nén Gỗ, Dăm Gỗ, Mùn Cưa","Củi Trấu, Viên Nén Gỗ, Dăm Gỗ, Mùn Cưa;Xay Xát - Nhà Máy Xay Xát Lúa Gạo;Nông Sản;Nhà sản xuất;Miền Nam, Quốc tế;HACCP",HACCP,1401349015,2011,Từ 11  - 50 người,147.14386961180725,1004.7598300381284,"Đường Nguyễn Thái Bình, Bình Thạnh Trung, Lấp Vò, Đồng Tháp, Việt Nam",10.3697207,105.5251467,ChIJc5uxwApxCjER1c6ZzNmfKVw
company_11,Doanh Nghiệp Tư Nhân Nguyễn Khả,"ấp Vĩnh Lợi 1, X. Châu Phong, H. Tân Châu, An Giang",No phone,No representative,No email,No description,Xay Xát - Nhà Máy Xay Xát Lúa Gạo,Xay Xát - Nhà Máy Xay Xát Lúa Gạo;Gạo - Công Ty Và Đại Lý Gạo,Gạo - Công Ty Và Đại Lý Gạo,No tax code,No year,No scale,156.4206756825469,532.3168579192869,"Ấp Vĩnh Lợi, Vĩnh Lộc, An Phú, An Giang, Việt Nam",10.8264101,105.0894028,ChIJj_LB2fwoCjER3nKQTuWkey0
company_12,Doanh Nghiệp Tư Nhân Hoàng Khanh,"ấp Thạnh Hòa, H. Cờ Đỏ,TT. Cờ Đỏ, Tp. Cần Thơ",No phone,No representative,No email,No description,Xay Xát - Nhà Máy Xay Xát Lúa Gạo,Xay Xát - Nhà Máy Xay Xát Lúa Gạo,Xay Xát - Nhà Máy Xay Xát Lúa Gạo,No tax code,No year,No scale,119.92050102066334,813.6577052638969,"tt. Cờ Đỏ, Cờ Đỏ, Cần Thơ, Việt Nam",10.098075,105.4360963,ChIJaVit5UCYoDER81v-YZBmSIM
company_13,ánh Tuyết - Công Ty TNHH ánh Tuyết,"X. Tân Đông,ấp 1, H. Thạnh Hóa, Long An",No phone,No representative,No email,No description,"Thực Phẩm - Cung Cấp Thực Phẩm, Công Ty Thực Phẩm","Thực Phẩm - Cung Cấp Thực Phẩm, Công Ty Thực Phẩm;Xay Xát - Nhà Máy Xay Xát Lúa Gạo",Xay Xát - Nhà Máy Xay Xát Lúa Gạo,No tax code,No year,No scale,88.87791644192498,1145.7059443057003,"Tân Đông, Thạnh Hóa, Long An, Việt Nam",10.6045227,106.287521,ChIJRwxeSmHGCjER7JlZ3n2akuw
company_14,Doanh Nghiệp Tư Nhân Anh Tuấn,"204 Tổ 18,Khóm 2, P. 6, Tp. Cao Lãnh, Đồng Tháp",No phone,No representative,No email,No description,Xay Xát - Nhà Máy Xay Xát Lúa Gạo,Xay Xát - Nhà Máy Xay Xát Lúa Gạo,Xay Xát - Nhà Máy Xay Xát Lúa Gạo,No tax code,No year,No scale,69.33218771620076,1256.3551384917032,"Tô Hiến Thành, Tp. Cao Lãnh, Đồng Tháp, Việt Nam",10.4506849,105.6361899,ChIJDfzC2gBlCjERMVOET1JgPk0
company_15,Doanh Nghiệp Tư Nhân Ba Vinh,"15/3 Khóm 3,TT. Lai Vung, H. Lai Vung, Đồng Tháp",No phone,No representative,No email,No description,Xay Xát - Nhà Máy Xay Xát Lúa Gạo,Xay Xát - Nhà Máy Xay Xát Lúa Gạo,Xay Xát - Nhà Máy Xay Xát Lúa Gạo,No tax code,No year,No scale,91.84880202786124,799.0948400183224,"TT. Lai Vung, Lai Vung, Đồng Tháp, Việt Nam",10.2943838,105.6471178,ChIJ_XBd9RJ5CjERZGKBsrZglNc
company_18,Doanh Nghiệp Tư Nhân Phú Lợi,"ấp Cây Cách, X. Bình Phú,H. Càng Long, Trà Vinh",No phone,No representative,No email,No description,Xay Xát - Nhà Máy Xay Xát Lúa Gạo,Xay Xát - Nhà Máy Xay Xát Lúa Gạo,Xay Xát - Nhà Máy Xay Xát Lúa Gạo,No tax code,No year,No scale,179.9766076707471,1422.2921129755775,"Cầu Cây Cách, 405-397, QL53, Bình Phú, Càng Long, Trà Vinh, Việt Nam",9.9698254,106.2197571,ChIJtQycUokToDERsaOl6bufXRg
company_19,Doanh Nghiệp Tư Nhân Tấn Hữu,"234 ấp Tân Lợi A, X. Tân Dương,H. Lai Vung, Đồng Tháp",No phone,No representative,No email,No description,Xay Xát - Nhà Máy Xay Xát Lúa Gạo,Xay Xát - Nhà Máy Xay Xát Lúa Gạo,Xay Xát - Nhà Máy Xay Xát Lúa Gạo,No tax code,No year,No scale,109.8458184666614,1082.170054230799,"Tân Dương, Lai Vung, Đồng Tháp, Việt Nam",10.335001,105.7057792,ChIJaWxV_AJ8CjERrCP_AenyoHI
company_21,Đức Tạo - Công Ty TNHH Đức Tạo,"ấp Bình Hưng 2,X. Bình Mỹ, H. Châu Phú, An Giang",No phone,No representative,No email,No description,Thực Phẩm - Nhập Khẩu Và Phân Phối,Thực Phẩm - Nhập Khẩu Và Phân Phối;Xay Xát - Nhà Máy Xay Xát Lúa Gạo,Xay Xát - Nhà Máy Xay Xát Lúa Gạo,No tax code,No year,No scale,111.2940991403814,1622.6688706027608,"Bình Mỹ, Châu Phú, An Giang, Việt Nam",10.5250878,105.2779983,ChIJLeczmcUWCjERx6VBUkrB6Sg
company_22,Nhà Máy Xay Xát Thế Đào,"Lô 7,Khu B, TT. Hậu Nghĩa, H. Đức Hòa, Long An",No phone,No representative,No email,No description,Xay Xát - Nhà Máy Xay Xát Lúa Gạo,Xay Xát - Nhà Máy Xay Xát Lúa Gạo,Xay Xát - Nhà Máy Xay Xát Lúa Gạo,No tax code,No year,No scale,175.46796468367566,1038.5412369057676,"TT. Hậu Nghĩa, Đức Hòa, Long An, Việt Nam",10.9070312,106.3905338,ChIJD08tLjIoCzERpKtE_EhPKnE
company_26,Doanh Nghiệp Tư Nhân Mỹ Xuân,"83/4 ấp Mỹ Xuân,X. Dương Xuân Hội, H. Châu Thành, Long An",No phone,No representative,No email,No description,Xay Xát - Nhà Máy Xay Xát Lúa Gạo,Xay Xát - Nhà Máy Xay Xát Lúa Gạo,Xay Xát - Nhà Máy Xay Xát Lúa Gạo,No tax code,No year,No scale,99.00235123625232,1264.9865361442894,"CFG5+RP, Dương Xuân Hội, Châu Thành, Long An, Việt Nam",10.427047,106.459305,ChIJzUr5dISzCjER4n2Dq-59_C0
company_27,Doanh Nghiệp Tư Nhân Minh Tâm,"ấp 6, X. Nhị Thành, H. Thủ Thừa, Long An",No phone,No representative,No email,No description,Xay Xát - Nhà Máy Xay Xát Lúa Gạo,Xay Xát - Nhà Máy Xay Xát Lúa Gạo,Xay Xát - Nhà Máy Xay Xát Lúa Gạo,No tax code,No year,No scale,59.03586846938516,679.2958285519654,"Ấp 6, Thạnh Đức, Bến Lức, Long An, Việt Nam",10.638653,106.4502977,ChIJV4KNOgXMCjERWGVBzIe_vII
company_28,Doanh Nghiệp Tư Nhân Phước Thành,"375 Nguyễn Đình Chiểu, P. 3, TX. Tân An, Long An",No phone,No representative,No email,"Doanh Nghiệp Tư Nhân Phước Thành chuyên cung cấp các sản phẩm thóc gạo với chất lượng tốt nhất, giá cả rẻ nhất thị trường để các sản phẩm của chúng tôi có thể đáp ứng được tất cả các mong muốn của khách hàng. Chúng tôi chuyên cung cấp các dịch vụ: say xát lúa gạo, dịch vụ đánh bóng gạo, sàng lọc gạo, thu mua sản phẩm thóc gạo..",Xay Xát - Nhà Máy Xay Xát Lúa Gạo,Xay Xát - Nhà Máy Xay Xát Lúa Gạo;Công ty thương mại;Nội tỉnh và lân cận,Nội tỉnh và lân cận,Từ 11  - 50 người,Doanh Nghiệp Tư Nhân Phước Thành,Công ty thương mại,185.1254208756273,835.6965083987346,"375 Nguyễn Đình Chiểu, Phường 3, Tân An, Long An, Việt Nam",10.5307734,106.4191186,ChIJa9AbvRe2CjERroyIK9SMYDs
company_29,Cơ Sở Hùng Lợi,"TK37/1 Nguyễn Cảnh Chân, P. Cầu Kho, Q. 1, TP. Hồ Chí Minh (TPHCM)",No phone,No representative,No email,No description,Máy Móc - Các Loại,Máy Móc - Các Loại;Xay Xát - Nhà Máy Xay Xát Lúa Gạo,Xay Xát - Nhà Máy Xay Xát Lúa Gạo,No tax code,No year,No scale,82.01665366449436,1366.323126403543,"1 Hẻm 115 Trần Đình Xu, Phường Nguyễn Cư Trinh, Quận 1, Hồ Chí Minh, Việt Nam",10.7601803,106.686488,El0xIEjhurttIDExNSBUcuG6p24gxJDDrG5oIFh1LCBQaMaw4budbmcgTmd1eeG7hW4gQ8awIFRyaW5oLCBRdeG6rW4gMSwgSOG7kyBDaMOtIE1pbmgsIFZpZXRuYW0iMBIuChQKEgmpKQ5eGi91MREybOMDDG1dCRABKhQKEgn3RW8AGi91MRGx13ZzY6o-MA
company_31,Nhà Máy Xay Xát Nguyễn Văn Của,"X. Tuyên Thạnh,ấp Cái Cát, H. Mộc Hóa, Long An",No phone,No representative,No email,No description,Xay Xát - Nhà Máy Xay Xát Lúa Gạo,Xay Xát - Nhà Máy Xay Xát Lúa Gạo,Xay Xát - Nhà Máy Xay Xát Lúa Gạo,No tax code,No year,No scale,89.70939629789538,1021.2160422806496,"Tuyên Thạnh, Mộc Hóa, Long An, Việt Nam",10.778249,105.8877494,ChIJQYsTDzv6CjER910BreMABOU
company_32,Doanh Nghiệp Tư Nhân Tám Trang,"ấp Cầu, X. Khánh Hậu, TX. Tân An, Long An",No phone,No representative,No email,No description,Xay Xát - Nhà Máy Xay Xát Lúa Gạo,Xay Xát - Nhà Máy Xay Xát Lúa Gạo,Xay Xát - Nhà Máy Xay Xát Lúa Gạo,No tax code,No year,No scale,137.87618359291272,1190.0908944963355,"Khánh Hậu, Tp. Tân An, Long An, Việt Nam",10.5099443,106.3787583,ChIJZwJXLAa3CjERNDk-Cb38Acw
company_33,Doanh Nghiệp Tư Nhân Trần ánh Loan,"ấp Thới Thuận B, TT. Thới Lai, H. Cờ Đỏ, Tp. Cần Thơ",No phone,No representative,No email,No description,Xay Xát - Nhà Máy Xay Xát Lúa Gạo,Xay Xát - Nhà Máy Xay Xát Lúa Gạo,Xay Xát - Nhà Máy Xay Xát Lúa Gạo,No tax code,No year,No scale,93.91414286917416,1756.5110945120864,"3H86+VM3, TT. Thới Lai, Thới Lai, Cần Thơ, Việt Nam",10.067127,105.5616611,ChIJL-O3PgCboDEREJn7gMp_2zk
company_34,Nhà Máy Xay Xát Nguyễn Quang Cang,"ấp 3, X. Nhị Thành, H. Thủ Thừa, Long An",No phone,No representative,No email,No description,Xay Xát - Nhà Máy Xay Xát Lúa Gạo,Xay Xát - Nhà Máy Xay Xát Lúa Gạo,Xay Xát - Nhà Máy Xay Xát Lúa Gạo,No tax code,No year,No scale,131.54090510776868,1694.0098580040124,"Ấp 3, An Thạnh, Bến Lức, Long An, Việt Nam",10.6741475,106.4601143,ChIJFY9hLDXMCjERKzbFZvyOK94
company_35,Thắng Lợi - DNTN-Nhà Máy,"ấp Thạnh Phước 1,X. Trung An, H. Thốt Nốt, Tp. Cần Thơ",No phone,No representative,No email,No description,Xay Xát - Nhà Máy Xay Xát Lúa Gạo,Xay Xát - Nhà Máy Xay Xát Lúa Gạo,Xay Xát - Nhà Máy Xay Xát Lúa Gạo,No tax code,No year,No scale,112.80268293636028,2045.0597684753984,"6GCQ+VQ2, Đ. Nguyễn Trọng Quyền, Trung Kiên, Cờ Đỏ, Cần Thơ, Việt Nam",10.222354,105.539466,ChIJX1MuHgCdoDER44gXnup_Iqw
company_36,Doanh Nghiệp Tư Nhân Lý Tưởng,"140A X. Long Thắng,ấp Hòa Bình, H. Lai Vung, Đồng Tháp",No phone,No representative,No email,No description,Xay Xát - Nhà Máy Xay Xát Lúa Gạo,Xay Xát - Nhà Máy Xay Xát Lúa Gạo,Xay Xát - Nhà Máy Xay Xát Lúa Gạo,No tax code,No year,No scale,138.1204515731871,1049.3346892430973,"Long Thắng, Lai Vung, Đồng Tháp, Việt Nam",10.2428539,105.6999122,ChIJn8ly_FJ_CjERbIW_qotthKQ
company_38,Doanh Nghiệp Tư Nhân Ngô Kiều,"162 P. Ba Lang,Q. Cái Răng, Tp. Cần Thơ",No phone,No representative,No email,No description,Xay Xát - Nhà Máy Xay Xát Lúa Gạo,Xay Xát - Nhà Máy Xay Xát Lúa Gạo,Xay Xát - Nhà Máy Xay Xát Lúa Gạo,No tax code,No year,No scale,136.9579433703683,1726.7202753004724,"Ba Láng, Cái Răng, Cần Thơ, Việt Nam",9.9832675,105.7380511,ChIJj1zHSJ2JoDERL60K5fRi-iY
company_39,Đại Thành - Công Ty TNHH Đại Thành,"ấp Khu 2, H. Mỹ Xuyên, X. Thạnh Phú, Sóc Trăng",No phone,No representative,No email,No description,Xay Xát - Nhà Máy Xay Xát Lúa Gạo,Xay Xát - Nhà Máy Xay Xát Lúa Gạo,Xay Xát - Nhà Máy Xay Xát Lúa Gạo,No tax code,No year,No scale,161.9598822758496,600.7829953604431,"Thạnh Phú, Mỹ Xuyên, Sóc Trăng, Việt Nam",9.4994251,105.8642593,ChIJCfaO9JuroTERJVF3vhgwujk
company_40,Quang Minh - Công Ty TNHH Quang Minh,"ấp Thới Khánh, X. Thới Thạnh, H. Cờ Đỏ, Tp. Cần Thơ",No phone,No representative,No email,No description,Xay Xát - Nhà Máy Xay Xát Lúa Gạo,Xay Xát - Nhà Máy Xay Xát Lúa Gạo,Xay Xát - Nhà Máy Xay Xát Lúa Gạo,No tax code,No year,No scale,163.88914070319623,1638.112475299556,"Cờ Đỏ, Cần Thơ, Việt Nam",10.1135304,105.4536718,ChIJCxfF0K6QoDERCKB7WjmwnT4
company_41,Dũng Liêm - Nhà Máy Xay Lúa,"113 Tố 11, ấp Lân Thạnh 1, X. Trung Kiên,H. Thốt Nốt, Tp. Cần Thơ",No phone,No representative,No email,No description,Xay Xát - Nhà Máy Xay Xát Lúa Gạo,Xay Xát - Nhà Máy Xay Xát Lúa Gạo,Xay Xát - Nhà Máy Xay Xát Lúa Gạo,No tax code,No year,No scale,95.13266405770256,1655.616702518433,"Trung Kiên, Thốt Nốt, Cần Thơ, Việt Nam",10.2445942,105.5532993,ChIJI-uqCn6doDERUp0SU6lCIHI
company_42,Doanh Nghiệp Tư Nhân Kim Tú,"X. Hàm Thắng, Q. Hàm Thuận Bắc, Bình Thuận",No phone,No representative,No email,No description,Xay Xát - Nhà Máy Xay Xát Lúa Gạo,Xay Xát - Nhà Máy Xay Xát Lúa Gạo,Xay Xát - Nhà Máy Xay Xát Lúa Gạo,No tax code,No year,No scale,130.51081079280124,560.2045200574106,"Hàm Thắng, Hàm Thuận Bắc, Bình Thuận, Việt Nam",10.9725767,108.1250791,ChIJSex8KrecdjERrfqZCu3bkwI
company_43,Doanh Nghiệp Tư Nhân Đình Phúc,"Tổ 17, Thôn Trà Quang Nam, TT. Phù Mỹ, H. Phù Mỹ, Bình Định",No phone,No representative,No email,No description,Xay Xát - Nhà Máy Xay Xát Lúa Gạo,Xay Xát - Nhà Máy Xay Xát Lúa Gạo,Xay Xát - Nhà Máy Xay Xát Lúa Gạo,No tax code,No year,No scale,89.54441291684049,1123.3587969622197,"tt. Phù Mỹ, Phù Mỹ, Bình Định, Việt Nam",14.1770135,109.0475121,ChIJvSjafskzbzERb53N6COyy_c
company_44,Thịnh Vượng - Công Ty TNHH Thịnh Vượng,"ấp Bình Hòa, X. Bình Lãng, H. Tân Trụ, Long An",No phone,No representative,No email,No description,Xay Xát - Nhà Máy Xay Xát Lúa Gạo,Xay Xát - Nhà Máy Xay Xát Lúa Gạo,Xay Xát - Nhà Máy Xay Xát Lúa Gạo,No tax code,No year,No scale,123.26196668678904,1542.3296760600786,"Bình Hòa, Tân Trụ, Long An, Việt Nam",10.4756053,106.5209388,ChIJw_zKS8a0CjERpF0fqQMD5UI
company_45,Doanh Nghiệp Tư Nhân Văn Hoa,"86/1B Võ Tánh, TT. Cái Răng, H. Châu Thành, Tp. Cần Thơ",No phone,No representative,No email,No description,Xay Xát - Nhà Máy Xay Xát Lúa Gạo,Xay Xát - Nhà Máy Xay Xát Lúa Gạo,Xay Xát - Nhà Máy Xay Xát Lúa Gạo,No tax code,No year,No scale,84.20102557554095,2455.199242673039,"86 Đ. Võ Tánh, Lê Bình, Cái Răng, Cần Thơ, Việt Nam",10.0044263,105.7467279,ChIJHdIW1a-JoDERm13yYruVVPI
company_46,Doanh Nghiệp Tư Nhân Duy Xuân Xay Xát,"Thôn Phú Lập, X. Hàm Phú,Q. Hàm Thuận Bắc, Bình Thuận",No phone,No representative,No email,No description,Xay Xát - Nhà Máy Xay Xát Lúa Gạo,Xay Xát - Nhà Máy Xay Xát Lúa Gạo,Xay Xát - Nhà Máy Xay Xát Lúa Gạo,No tax code,No year,No scale,117.39993703961524,2084.0316171198187,"Hàm Phú, Hàm Thuận Bắc, Bình Thuận, Việt Nam",11.1557365,108.059866,ChIJY4TfUv6fdjERlCMuS4OQEWE
company_47,Ngọc Lựu - Công Ty TNHH Ngọc Lựu,"Tổ 14, ấp Bình Phú 2,X. Bình Hòa, H. Châu Thành, An Giang",No phone,No representative,No email,No description,Xay Xát - Nhà Máy Xay Xát Lúa Gạo,Xay Xát - Nhà Máy Xay Xát Lúa Gạo,Xay Xát - Nhà Máy Xay Xát Lúa Gạo,No tax code,No year,No scale,60.483007732172666,934.9358177175162,"Bình Hòa, Châu Thành, An Giang, Việt Nam",10.463087,105.3423985,ChIJz5tI22oSCjERIDF5B3pXkmc
company_48,Doanh Nghiệp Tư Nhân Hoàng Khanh,"ấp Thạnh Hòa, H. Cờ Đỏ,TT. Cờ Đỏ, Tp. Cần Thơ",No phone,No representative,No email,No description,Xay Xát - Nhà Máy Xay Xát Lúa Gạo,Xay Xát - Nhà Máy Xay Xát Lúa Gạo,Xay Xát - Nhà Máy Xay Xát Lúa Gạo,No tax code,No year,No scale,157.77203591126275,2187.051782325631,"tt. Cờ Đỏ, Cờ Đỏ, Cần Thơ, Việt Nam",10.098075,105.4360963,ChIJaVit5UCYoDER81v-YZBmSIM
company_49,Cơ Sở Nguyễn Thị Tư,"27/36/12/1 Bùi Tư Toàn, P. An Lạc, Q. Bình Tân, TP. Hồ Chí Minh (TPHCM)",No phone,No representative,No email,No description,Xay Xát - Nhà Máy Xay Xát Lúa Gạo,Xay Xát - Nhà Máy Xay Xát Lúa Gạo,Xay Xát - Nhà Máy Xay Xát Lúa Gạo,No tax code,No year,No scale,77.55039620325466,1215.789319096053,"27/36/70H Bùi Tư Toàn, An Lạc, Bình Tân, Hồ Chí Minh, Việt Nam",10.7332416,106.6175255,ChIJn94DTsMtdTERyTV7fZF0jQs
company_50,Doanh Nghiệp Tư Nhân Hưng Phát,"X. Thạnh Phước,H. Thạnh Hóa, Long An",No phone,No representative,No email,No description,Xay Xát - Nhà Máy Xay Xát Lúa Gạo,Xay Xát - Nhà Máy Xay Xát Lúa Gạo,Xay Xát - Nhà Máy Xay Xát Lúa Gạo,No tax code,No year,No scale,102.64252325388613,1263.9524500906036,"Thạnh Phước, Thạnh Hóa, Long An, Việt Nam",10.6798261,106.099291,ChIJY0kzruXoCjER1G6jMrjHBJ0
company_51,Doanh Nghiệp Tư Nhân Mỹ Xuân,"83/4 ấp Mỹ Xuân,X. Dương Xuân Hội, H. Châu Thành, Long An",No phone,No representative,No email,No description,Xay Xát - Nhà Máy Xay Xát Lúa Gạo,Xay Xát - Nhà Máy Xay Xát Lúa Gạo,Xay Xát - Nhà Máy Xay Xát Lúa Gạo,No tax code,No year,No scale,122.97443609942906,1036.6585667875784,"CFG5+RP, Dương Xuân Hội, Châu Thành, Long An, Việt Nam",10.427047,106.459305,ChIJzUr5dISzCjER4n2Dq-59_C0
company_52,Doanh Nghiệp Tư Nhân Thành Đạt,"ấp 4, TT. Long Phú, H. Long Phú, Sóc Trăng",No phone,No representative,No email,No description,Xay Xát - Nhà Máy Xay Xát Lúa Gạo,Xay Xát - Nhà Máy Xay Xát Lúa Gạo,Xay Xát - Nhà Máy Xay Xát Lúa Gạo,No tax code,No year,No scale,176.05185013236812,1638.915793818218,"tt. Long Phú, Long Phú, Sóc Trăng, Việt Nam",9.6221576,106.1169299,ChIJp8DcyZZJoDERpXUX1wOES6w
company_53,Doanh Nghiệp Tư Nhân Thành Tâm Xay Xát,"Thôn Thái Thành, X. Hồng Thái, H. Bắc Bình, Bình Thuận",No phone,No representative,No email,No description,Xay Xát - Nhà Máy Xay Xát Lúa Gạo,Xay Xát - Nhà Máy Xay Xát Lúa Gạo,Xay Xát - Nhà Máy Xay Xát Lúa Gạo,No tax code,No year,No scale,153.2202907087587,1609.12432833327,"Hồng Thái, Bắc Bình, Bình Thuận, Việt Nam",11.1956011,108.463214,ChIJrQh-3bfAdjERxMPc1rh13eM
company_54,Thành Lợi - DNTN,"ấp Phúc Lộc, X. Trung Nhứt,H. Thốt Nốt, Tp. Cần Thơ",No phone,No representative,No email,No description,Xay Xát - Nhà Máy Xay Xát Lúa Gạo,Xay Xát - Nhà Máy Xay Xát Lúa Gạo,Xay Xát - Nhà Máy Xay Xát Lúa Gạo,No tax code,No year,No scale,60.35229411648222,1533.4452163078415,"Trung Nhứt, Thốt Nốt, Cần Thơ, Việt Nam",10.2520293,105.5122694,ChIJ6fGSl_51CjERrFCwzW8gQZA
company_55,Trí Thành - Công Ty TNHH Trí Thành,"131 ấp Khu 1, X. Thành Phú, H. Mỹ Xuyên, Sóc Trăng",No phone,No representative,No email,No description,Xây Dựng Dân Dụng,Xây Dựng Dân Dụng;Xay Xát - Nhà Máy Xay Xát Lúa Gạo,Xay Xát - Nhà Máy Xay Xát Lúa Gạo,No tax code,No year,No scale,108.98553935727612,1061.2421616346878,"Thạnh Phú, Mỹ Xuyên, Sóc Trăng, Việt Nam",9.4994251,105.8642593,ChIJCfaO9JuroTERJVF3vhgwujk
company_56,Doanh Nghiệp Tư Nhân Hồng Chấn Xay Xát,"Thôn An Phú, X. Hàm Chính,Q. Hàm Thuận Bắc, Bình Thuận",No phone,No representative,No email,No description,Xay Xát - Nhà Máy Xay Xát Lúa Gạo,Xay Xát - Nhà Máy Xay Xát Lúa Gạo,Xay Xát - Nhà Máy Xay Xát Lúa Gạo,No tax code,No year,No scale,66.6367374989245,1928.1563046849285,"Hàm Chính, Hàm Thuận Bắc, Bình Thuận, Việt Nam",11.022484,108.1072924,ChIJ0_sqB1CcdjERKM4pbOeeWas
company_57,Nhà Máy Xay Xát Nguyễn Văn Của,"X. Tuyên Thạnh,ấp Cái Cát, H. Mộc Hóa, Long An",No phone,No representative,No email,No description,Xay Xát - Nhà Máy Xay Xát Lúa Gạo,Xay Xát - Nhà Máy Xay Xát Lúa Gạo,Xay Xát - Nhà Máy Xay Xát Lúa Gạo,No tax code,No year,No scale,113.23650605824812,915.0122819421348,"Tuyên Thạnh, Mộc Hóa, Long An, Việt Nam",10.778249,105.8877494,ChIJQYsTDzv6CjER910BreMABOU
company_58,Thắng Lợi - DNTN,"ấp Long Thạnh A, TT. Thốt Nốt,H. Thốt Nốt, Tp. Cần Thơ",No phone,No representative,No email,No description,Xay Xát - Nhà Máy Xay Xát Lúa Gạo,Xay Xát - Nhà Máy Xay Xát Lúa Gạo,Xay Xát - Nhà Máy Xay Xát Lúa Gạo,No tax code,No year,No scale,91.2592559496043,1400.6538906459325,"268, 162 QL91, TT. Thốt Nốt, Thốt Nốt, Cần Thơ, Việt Nam",10.2705093,105.5324258,ChIJSV6CFIl3CjEReeq3Q0-fMsU
company_59,Doanh Nghiệp Tư Nhân Nghĩa Thành Phát,"ấp Sà Vần A, X. Ngọc Biên,H. Trà Cú, Trà Vinh",No phone,No representative,No email,No description,Xay Xát - Nhà Máy Xay Xát Lúa Gạo,Xay Xát - Nhà Máy Xay Xát Lúa Gạo,Xay Xát - Nhà Máy Xay Xát Lúa Gạo,No tax code,No year,No scale,192.6122608294461,2132.3047580111715,"Ngọc Biên, Trà Cú, Trà Vinh, Việt Nam",9.6964056,106.3640398,ChIJNwe0vWoloDER61QadeuNMdg
company_60,Công Ty TNHH MTV Minh Tâm Phát,"261 Quốc Lộ 1A, Khu Phố 3, TT. Bến Lức, H. Bến Lức, Long An",No phone,No representative,No email,"Doanh Nghiệp Tư Nhân Minh Tâm Phát thành lập năm 2003 với nhiều năm kinh nghiệp chúng tôi chuyên mua bán, phân phối các sản phẩm thóc gạo..tới khách hàng nội tỉnh và lân cận.",Xay Xát - Nhà Máy Xay Xát Lúa Gạo,Xay Xát - Nhà Máy Xay Xát Lúa Gạo;Công ty thương mại;Nội tỉnh và lân cận,Nội tỉnh và lân cận,1100523365,2003,Từ 11  - 50 người,159.48808114760348,856.9608659581504,"261 QL1A, TT. Bến Lức, Bến Lức, Long An, Việt Nam",10.6367634,106.4855102,ChIJ9aq1On3MCjERmsakY4f3YqM
company_61,Nhà Máy Xay Xát Tư Niên,"48 ấp 8, X. Vĩnh Công, H. Châu Thành, Long An",No phone,No representative,No email,No description,Xay Xát - Nhà Máy Xay Xát Lúa Gạo,Xay Xát - Nhà Máy Xay Xát Lúa Gạo,Xay Xát - Nhà Máy Xay Xát Lúa Gạo,No tax code,No year,No scale,165.14001574259856,534.5413537999401,"Ấp 8, Châu Thành, Long An, Việt Nam",10.4730714,106.4410732,ChIJh-1xJB60CjERSmRIcxgAui8
company_62,Doanh Nghiệp Tư Nhân Bảy Việt,"313 ấp Tân Lộc A, X. Tân Dương,H. Lai Vung, Đồng Tháp",No phone,No representative,No email,No description,Xay Xát - Nhà Máy Xay Xát Lúa Gạo,Xay Xát - Nhà Máy Xay Xát Lúa Gạo,Xay Xát - Nhà Máy Xay Xát Lúa Gạo,No tax code,No year,No scale,122.46844728122616,1241.7683388222458,"Tân Dương, Lai Vung, Đồng Tháp, Việt Nam",10.335001,105.7057792,ChIJaWxV_AJ8CjERrCP_AenyoHI
company_63,Nhà Máy Xay Hải Phòng,"46 Bạch Đằng, P. Hạ Lý, Q. Hồng Bàng, Tp. Hải Phòng",No phone,No representative,No email,No description,Xay Xát - Nhà Máy Xay Xát Lúa Gạo,Xay Xát - Nhà Máy Xay Xát Lúa Gạo,Xay Xát - Nhà Máy Xay Xát Lúa Gạo,No tax code,No year,No scale,189.48211679571403,2438.3427575019678,"46 Bạch Đằng, Hạ Lý, Hồng Bàng, Hải Phòng, Việt Nam",20.8620059,106.671306,ChIJFSDhkF56SjERitP-uXc90sE
company_64,Doanh Nghiệp Tư Nhân Thuận Toan,"TT. Phú Long,Q. Hàm Thuận Bắc, Bình Thuận",No phone,No representative,No email,No description,Xay Xát - Nhà Máy Xay Xát Lúa Gạo,Xay Xát - Nhà Máy Xay Xát Lúa Gạo,Xay Xát - Nhà Máy Xay Xát Lúa Gạo,No tax code,No year,No scale,99.393863914436,1252.6374029815936,"TT. Phú Long, Hàm Thuận Bắc, Bình Thuận, Việt Nam",10.9703985,108.1606557,ChIJrQrKGzabdjERBO8SS0k6xRw
company_65,Nhà Máy Xay Xát út Xuân,"Khu A, Lô 4, TT. Hậu Nghĩa, H. Đức Hòa, Long An",No phone,No representative,No email,No description,Xay Xát - Nhà Máy Xay Xát Lúa Gạo,Xay Xát - Nhà Máy Xay Xát Lúa Gạo,Xay Xát - Nhà Máy Xay Xát Lúa Gạo,No tax code,No year,No scale,112.37479175583935,947.7168616335554,"TT. Hậu Nghĩa, Đức Hòa, Long An, Việt Nam",10.9070312,106.3905338,ChIJD08tLjIoCzERpKtE_EhPKnE
company_66,Doanh Nghiệp Tư Nhân Trung Hiếu,"5 Đường 834, Khu Phố Thanh Xuân,P. 5, TX. Tân An, Long An",No phone,No representative,No email,No description,Xay Xát - Nhà Máy Xay Xát Lúa Gạo,Xay Xát - Nhà Máy Xay Xát Lúa Gạo,Xay Xát - Nhà Máy Xay Xát Lúa Gạo,No tax code,No year,No scale,147.80502268220857,1498.9291257325065,"1 Thanh Xuân, Phường 5, Tân An, Long An, Việt Nam",10.5473693,106.4138172,ChIJQ3C0Js7JCjERO3Wa7ay3U98
company_67,Doanh Nghiệp Tư Nhân Lê Minh Hoàng Xay Xát,"Khu Phố Lập Hòa,TT. Ma Lâm, Q. Hàm Thuận Bắc, Bình Thuận",No phone,No representative,No email,No description,Xay Xát - Nhà Máy Xay Xát Lúa Gạo,Xay Xát - Nhà Máy Xay Xát Lúa Gạo,Xay Xát - Nhà Máy Xay Xát Lúa Gạo,No tax code,No year,No scale,111.62629042429018,1372.2893086272006,"tt. Ma Lâm, Hàm Thuận Bắc, Bình Thuận, Việt Nam",11.0510655,108.1058102,ChIJreYHtiicdjERDAxeNCSMWPE
company_68,Doanh Nghiệp Tư Nhân Kim Tú,"X. Hàm Thắng, Q. Hàm Thuận Bắc, Bình Thuận",No phone,No representative,No email,No description,Xay Xát - Nhà Máy Xay Xát Lúa Gạo,Xay Xát - Nhà Máy Xay Xát Lúa Gạo,Xay Xát - Nhà Máy Xay Xát Lúa Gạo,No tax code,No year,No scale,95.51046790096,1642.7072029818105,"Hàm Thắng, Hàm Thuận Bắc, Bình Thuận, Việt Nam",10.9725767,108.1250791,ChIJSex8KrecdjERrfqZCu3bkwI
company_69,Doanh Nghiệp Tư Nhân Thiên Thành,"Tổ 11, ấp Bình Phó, P. Long Tuyền,Q. Bình Thủy, Tp. Cần Thơ",No phone,No representative,No email,No description,Xay Xát - Nhà Máy Xay Xát Lúa Gạo,Xay Xát - Nhà Máy Xay Xát Lúa Gạo,Xay Xát - Nhà Máy Xay Xát Lúa Gạo,No tax code,No year,No scale,166.76470455955874,880.7137478872824,"11 Tô Vĩnh Diện, Long Tuyền, Bình Thủy, Cần Thơ, Việt Nam",10.0286898,105.7245629,EkQxMSBUw7QgVsSpbmggRGnhu4duLCBMb25nIFR1eeG7gW4sIELDrG5oIFRo4buneSwgQ-G6p24gVGjGoSwgVmlldG5hbSIwEi4KFAoSCc3i7tbviKAxERlXfvPymAwZEAsqFAoSCUG3VR33iKAxERg-Qp-Xh7XN
company_70,Nhà Máy Xay Nam Định,"1 Bến Ngự, P. Phan Đình Phùng, Nam Định",No phone,No representative,No email,No description,Xay Xát - Nhà Máy Xay Xát Lúa Gạo,Xay Xát - Nhà Máy Xay Xát Lúa Gạo,Xay Xát - Nhà Máy Xay Xát Lúa Gạo,No tax code,No year,No scale,59.49523408438615,1631.1069751256252,"1 Bến Ngự, Phan Đình Phùng, Nam Định, Việt Nam",20.4239356,106.1814391,ChIJDSmed0rnNTERSKZ3HMhgqxI
company_71,Nhà Máy Xay Xát Vĩnh Thành,"ấp 7, X. Vĩnh Công, H. Châu Thành, Long An",No phone,No representative,No email,No description,Xay Xát - Nhà Máy Xay Xát Lúa Gạo,Xay Xát - Nhà Máy Xay Xát Lúa Gạo,Xay Xát - Nhà Máy Xay Xát Lúa Gạo,No tax code,No year,No scale,75.02988783109896,1914.404267728701,"Vĩnh Công, Châu Thành, Long An, Việt Nam",10.4844769,106.4494214,ChIJnVkoFSa0CjER34-zFcXoc8g
company_72,Doanh Nghiệp Tư Nhân Ngọc Tùng,"96 Đường Nguyễn Văn Cương, KP. Nhơn Cầu, TP. Tân An, Long An",No phone,No representative,No email,No description,Xay Xát - Nhà Máy Xay Xát Lúa Gạo,Xay Xát - Nhà Máy Xay Xát Lúa Gạo,Xay Xát - Nhà Máy Xay Xát Lúa Gạo,No tax code,No year,No scale,78.33843725286245,1464.0582740480795,"96 Nguyễn Văn Cương, Phường Tân Khánh, Châu Thành, Long An, Việt Nam",10.4874794,106.3757105,Ek85NiBOZ3V54buFbiBWxINuIEPGsMahbmcsIFBoxrDhu51uZyBUw6JuIEtow6FuaCwgQ2jDonUgVGjDoG5oLCBMb25nIEFuLCBWaWV0bmFtIjASLgoUChIJR-yx2RO3CjERbfPi3sqkSQIQYCoUChIJd-j4ZRe3CjERp7jEwTU6-P0
company_73,Doanh Nghiệp Tư Nhân Ngô Kiều,"162 P. Ba Lang,Q. Cái Răng, Tp. Cần Thơ",No phone,No representative,No email,No description,Xay Xát - Nhà Máy Xay Xát Lúa Gạo,Xay Xát - Nhà Máy Xay Xát Lúa Gạo,Xay Xát - Nhà Máy Xay Xát Lúa Gạo,No tax code,No year,No scale,97.13633553968496,1380.3937761716234,"Ba Láng, Cái Răng, Cần Thơ, Việt Nam",9.9832675,105.7380511,ChIJj1zHSJ2JoDERL60K5fRi-iY
company_74,Doanh Nghiệp Tư Nhân Thành Tâm,"428 Ngô Quyền, Tp. Rạch Giá, Kiên Giang",No phone,No representative,No email,No description,Xay Xát - Nhà Máy Xay Xát Lúa Gạo,Xay Xát - Nhà Máy Xay Xát Lúa Gạo,Xay Xát - Nhà Máy Xay Xát Lúa Gạo,No tax code,No year,No scale,121.05104447537624,630.6637540312425,"428 Ng. Quyền, Vĩnh Lạc, Tp. Rạch Giá, Kiên Giang, Việt Nam",9.9967167,105.0972604,ChIJjfRDLnS0oDERg-ZYXGy20Zk
company_75,Nhà Máy Thanh Tâm Xay Xát,"Khu Vực 1, TT. Đông Thành, H. Đức Huệ, Long An",No phone,No representative,No email,No description,Xay Xát - Nhà Máy Xay Xát Lúa Gạo,Xay Xát - Nhà Máy Xay Xát Lúa Gạo,Xay Xát - Nhà Máy Xay Xát Lúa Gạo,No tax code,No year,No scale,108.77252177061206,755.1702867749497,"tt. Đông Thành, Đức Huệ, Long An, Việt Nam",10.8932068,106.293406,ChIJ6TNmcnrYCjERDypixmUHiKU
company_76,Quang Minh - Công Ty TNHH Quang Minh,"ấp Thới Khánh, X. Thới Thạnh, H. Cờ Đỏ, Tp. Cần Thơ",No phone,No representative,No email,No description,Xay Xát - Nhà Máy Xay Xát Lúa Gạo,Xay Xát - Nhà Máy Xay Xát Lúa Gạo,Xay Xát - Nhà Máy Xay Xát Lúa Gạo,No tax code,No year,No scale,156.71356956781798,2340.7922303190294,"Cờ Đỏ, Cần Thơ, Việt Nam",10.1135304,105.4536718,ChIJCxfF0K6QoDERCKB7WjmwnT4
company_77,Doanh Nghiệp Tư Nhân Vạn Hưng,"Tổ 18, ấp An Thuận, X. An Hiệp,H. Châu Thành, Đồng Tháp",No phone,No representative,No email,No description,Gạo - Công Ty Và Đại Lý Gạo,Gạo - Công Ty Và Đại Lý Gạo;Xay Xát - Nhà Máy Xay Xát Lúa Gạo,Xay Xát - Nhà Máy Xay Xát Lúa Gạo,No tax code,No year,No scale,177.28613614942995,1500.52331880953,"An Hiệp, Châu Thành, Đồng Tháp, Việt Nam",10.2862507,105.8114175,ChIJM5EFAeyACjERvNnrZc6A_2U
company_78,Công Thành - Công Ty TNHH Công Thành,"Quốc Lộ 1A, ấp Quyết Thắng, X. Khánh Hậu, TX. Tân An, Long An",No phone,No representative,No email,No description,Xay Xát - Nhà Máy Xay Xát Lúa Gạo,Xay Xát - Nhà Máy Xay Xát Lúa Gạo,Xay Xát - Nhà Máy Xay Xát Lúa Gạo,No tax code,No year,No scale,122.05734430816445,1752.6290735365324,"QL1A, Khánh Hậu, Tp. Tân An, Long An, Việt Nam",10.5089998,106.3825769,EjFRTDFBLCBLaMOhbmggSOG6rXUsIFRwLiBUw6JuIEFuLCBMb25nIEFuLCBWaWV0bmFtIi4qLAoUChIJN6GjkMVatTYRIEUajar5-F8SFAoSCWcCVywGtwoxETQ5Pgm9_AHM
company_79,Doanh Nghiệp Tư Nhân Đình Phúc,"Tổ 17, Thôn Trà Quang Nam, TT. Phù Mỹ, H. Phù Mỹ, Bình Định",No phone,No representative,No email,No description,Xay Xát - Nhà Máy Xay Xát Lúa Gạo,Xay Xát - Nhà Máy Xay Xát Lúa Gạo,Xay Xát - Nhà Máy Xay Xát Lúa Gạo,No tax code,No year,No scale,65.93670229268409,1980.608872327515,"tt. Phù Mỹ, Phù Mỹ, Bình Định, Việt Nam",14.1770135,109.0475121,ChIJvSjafskzbzERb53N6COyy_c
company_80,Tân Hưng - Công Ty TNHH Tân Hưng,"109 ấp Tân Quy A,P. Tân Hưng, H. Long Phú, Sóc Trăng",No phone,No representative,No email,No description,Xay Xát - Nhà Máy Xay Xát Lúa Gạo,Xay Xát - Nhà Máy Xay Xát Lúa Gạo,Xay Xát - Nhà Máy Xay Xát Lúa Gạo,No tax code,No year,No scale,98.272158761046,1509.1809310170297,"Tân Hưng, Long Phú, Sóc Trăng, Việt Nam",9.6238356,106.0816536,ChIJk7kxIEFJoDERx3iZUEjexNE
company_81,Hải Triều - Công Ty TNHH Hải Triều,"ấp 6, X. Tóc Tiên, H. Tân Thành, Bà Rịa-Vũng Tàu",No phone,No representative,No email,No description,Xay Xát - Nhà Máy Xay Xát Lúa Gạo,Xay Xát - Nhà Máy Xay Xát Lúa Gạo,Xay Xát - Nhà Máy Xay Xát Lúa Gạo,No tax code,No year,No scale,132.8686983940217,738.0963506566467,"Tóc Tiên, Tân Thành, Bà Rịa - Vũng Tàu, Việt Nam",10.6032018,107.113007,ChIJoxMAn_0NdTERIDGGW0naTog
company_82,Doanh Nghiệp Tư Nhân Võ Thuê Xay Xát,"Thôn Phú Lập, X. Hàm Phú,Q. Hàm Thuận Bắc, Bình Thuận",No phone,No representative,No email,No description,Xay Xát - Nhà Máy Xay Xát Lúa Gạo,Xay Xát - Nhà Máy Xay Xát Lúa Gạo,Xay Xát - Nhà Máy Xay Xát Lúa Gạo,No tax code,No year,No scale,114.36224233004576,2304.049640158605,"Hàm Phú, Hàm Thuận Bắc, Bình Thuận, Việt Nam",11.1557365,108.059866,ChIJY4TfUv6fdjERlCMuS4OQEWE
company_83,Doanh Nghiệp Tư Nhân Nghệ Thành,"167 ấp Xẻo Chích, X. Châu Thới, H. Vĩnh Lợi, Bạc Liêu",No phone,No representative,No email,No description,Xay Xát - Nhà Máy Xay Xát Lúa Gạo,Xay Xát - Nhà Máy Xay Xát Lúa Gạo,Xay Xát - Nhà Máy Xay Xát Lúa Gạo,No tax code,No year,No scale,72.81206420779215,817.6823518114436,"Châu Thới, Vĩnh Lợi, Bạc Liêu, Việt Nam",9.358423,105.652983,ChIJa9pbyGYPoTERYlV4MvaQ_NU
company_84,Doanh Nghiệp Tư Nhân Thành Công,"750/A ấp Long Thành A, X. Long Hậu,H. Lai Vung, Đồng Tháp",No phone,No representative,No email,No description,Xay Xát - Nhà Máy Xay Xát Lúa Gạo,Xay Xát - Nhà Máy Xay Xát Lúa Gạo,Xay Xát - Nhà Máy Xay Xát Lúa Gạo,No tax code,No year,No scale,185.9563758356584,2485.7358271952166,"Long Thành - Thông Dong, Long Hậu, Lai Vung, Đồng Tháp, Việt Nam",10.2761943,105.6133533,ChIJy31KsTV4CjER_FrgM3eiGP4
company_85,Doanh Nghiệp Tư Nhân Gia Thuận,"Tổ 4, ấp Đông Mỹ, X. Mỹ Hội,Tp. Cao Lãnh, Đồng Tháp",No phone,No representative,No email,No description,Xay Xát - Nhà Máy Xay Xát Lúa Gạo,Xay Xát - Nhà Máy Xay Xát Lúa Gạo,Xay Xát - Nhà Máy Xay Xát Lúa Gạo,No tax code,No year,No scale,170.72643394372878,2268.704298347676,"Ấp Đông Mỹ, Cao Lãnh, Đồng Tháp, Việt Nam",10.3957029,105.7262482,EjPhuqRwIMSQw7RuZyBN4bu5LCBDYW8gTMOjbmgsIMSQ4buTbmcgVGjDoXAsIFZpZXRuYW0iLiosChQKEgnt9tz30HwKMRHifD-Sjd7fbBIUChIJtxdkSSRjCjERzpqwg5vQc8o
company_86,Vĩnh Xuân - Công Ty TNHH Vĩnh Xuân,"ấp 8, X. Vĩnh Công, H. Châu Thành, Long An",No phone,No representative,No email,No description,Xay Xát - Nhà Máy Xay Xát Lúa Gạo,Xay Xát - Nhà Máy Xay Xát Lúa Gạo,Xay Xát - Nhà Máy Xay Xát Lúa Gạo,No tax code,No year,No scale,181.92332017868148,1488.250009521772,"Ấp 8, Châu Thành, Long An, Việt Nam",10.4730714,106.4410732,ChIJh-1xJB60CjERSmRIcxgAui8
company_87,Doanh Nghiệp Tư Nhân Phước Sang 2,"432 ấp Long Hiệp, X. Long An, H. Tân Châu, An Giang",No phone,No representative,No email,No description,Xay Xát - Nhà Máy Xay Xát Lúa Gạo,Xay Xát - Nhà Máy Xay Xát Lúa Gạo,Xay Xát - Nhà Máy Xay Xát Lúa Gạo,No tax code,No year,No scale,119.98292570820388,1292.5515394895638,"Unnamed Road, R624+5R6, Long An, Tân Châu, An Giang, Việt Nam",10.8004149,105.2070137,ChIJs2l7B0UvCjERFNn5FSOpXiY
company_88,Dũng Liêm - Nhà Máy Xay Lúa,"113 Tố 11, ấp Lân Thạnh 1, X. Trung Kiên,H. Thốt Nốt, Tp. Cần Thơ",No phone,No representative,No email,No description,Xay Xát - Nhà Máy Xay Xát Lúa Gạo,Xay Xát - Nhà Máy Xay Xát Lúa Gạo,Xay Xát - Nhà Máy Xay Xát Lúa Gạo,No tax code,No year,No scale,155.47138661681794,1869.1738625167332,"Trung Kiên, Thốt Nốt, Cần Thơ, Việt Nam",10.2445942,105.5532993,ChIJI-uqCn6doDERUp0SU6lCIHI
company_89,Doanh Nghiệp Tư Nhân Phước Sang 1,"133 ấp Long Hòa, X. Long An, H. Tân Châu, An Giang",No phone,No representative,No email,No description,Xay Xát - Nhà Máy Xay Xát Lúa Gạo,Xay Xát - Nhà Máy Xay Xát Lúa Gạo,Xay Xát - Nhà Máy Xay Xát Lúa Gạo,No tax code,No year,No scale,168.0894948102835,1432.570406098168,"Long Hòa, Tx. Tân Châu, An Giang, Việt Nam",10.7573526,105.2809247,ChIJbfZADWg6CjER9sZzDAcF3pY
company_90,Nhà Máy Xay Xát Nguyễn Quang Cang,"ấp 3, X. Nhị Thành, H. Thủ Thừa, Long An",No phone,No representative,No email,No description,Xay Xát - Nhà Máy Xay Xát Lúa Gạo,Xay Xát - Nhà Máy Xay Xát Lúa Gạo,Xay Xát - Nhà Máy Xay Xát Lúa Gạo,No tax code,No year,No scale,195.42736915491253,2147.600431240952,"Ấp 3, An Thạnh, Bến Lức, Long An, Việt Nam",10.6741475,106.4601143,ChIJFY9hLDXMCjERKzbFZvyOK94
company_91,Doanh Nghiệp Tư Nhân Nghệ Thành,"167 ấp Xẻo Chích, X. Châu Thới, H. Vĩnh Lợi, Bạc Liêu",No phone,No representative,No email,No description,Xay Xát - Nhà Máy Xay Xát Lúa Gạo,Xay Xát - Nhà Máy Xay Xát Lúa Gạo,Xay Xát - Nhà Máy Xay Xát Lúa Gạo,No tax code,No year,No scale,89.99384680643729,1428.2625449146235,"Châu Thới, Vĩnh Lợi, Bạc Liêu, Việt Nam",9.358423,105.652983,ChIJa9pbyGYPoTERYlV4MvaQ_NU
company_92,Thành Lợi - DNTN,"ấp Phúc Lộc, X. Trung Nhứt,H. Thốt Nốt, Tp. Cần Thơ",No phone,No representative,No email,No description,Xay Xát - Nhà Máy Xay Xát Lúa Gạo,Xay Xát - Nhà Máy Xay Xát Lúa Gạo,Xay Xát - Nhà Máy Xay Xát Lúa Gạo,No tax code,No year,No scale,137.05074121780373,1896.3943590376136,"Trung Nhứt, Thốt Nốt, Cần Thơ, Việt Nam",10.2520293,105.5122694,ChIJ6fGSl_51CjERrFCwzW8gQZA
company_93,Doanh Nghiệp Tư Nhân Vân Bửu,"516 Tổ 1, ấp Mỹ Tây,TT. Mỹ Thọ, Tp. Cao Lãnh, Đồng Tháp",No phone,No representative,No email,No description,Xay Xát - Nhà Máy Xay Xát Lúa Gạo,Xay Xát - Nhà Máy Xay Xát Lúa Gạo,Xay Xát - Nhà Máy Xay Xát Lúa Gạo,No tax code,No year,No scale,170.37956467112636,1715.5370648861856,"Mỹ Thọ, Tp. Cao Lãnh, Đồng Tháp, Việt Nam",10.4501101,105.6970266,ChIJFzW3M3pjCjERU1w_02FbyHk
company_94,Doanh Nghiệp Tư Nhân Phạm Thị Cúc,"134 ấp 3, X. Nhựt Chánh, H. Bến Lức, Long An",No phone,No representative,No email,No description,Xay Xát - Nhà Máy Xay Xát Lúa Gạo,Xay Xát - Nhà Máy Xay Xát Lúa Gạo,Xay Xát - Nhà Máy Xay Xát Lúa Gạo,No tax code,No year,No scale,96.45167517529428,1164.139716185517,"134 Đ. Ấp 3, Tân Bửu, Bến Lức, Long An, Việt Nam",10.6765738,106.5254454,ChIJNwAqry_NCjER7AV9XhE5HRs
company_95,Cơ Sở Nguyễn Thị Tư,"27/36/12/1 Bùi Tư Toàn, P. An Lạc, Q. Bình Tân, TP. Hồ Chí Minh (TPHCM)",No phone,No representative,No email,No description,Xay Xát - Nhà Máy Xay Xát Lúa Gạo,Xay Xát - Nhà Máy Xay Xát Lúa Gạo,Xay Xát - Nhà Máy Xay Xát Lúa Gạo,No tax code,No year,No scale,166.27155996287817,1351.246784326395,"27/36/70H Bùi Tư Toàn, An Lạc, Bình Tân, Hồ Chí Minh, Việt Nam",10.7332416,106.6175255,ChIJn94DTsMtdTERyTV7fZF0jQs
company_96,Trí Thành - Công Ty TNHH Trí Thành,"131 ấp Khu 1, X. Thành Phú, H. Mỹ Xuyên, Sóc Trăng",No phone,No representative,No email,No description,Xây Dựng Dân Dụng,Xây Dựng Dân Dụng;Xay Xát - Nhà Máy Xay Xát Lúa Gạo,Xay Xát - Nhà Máy Xay Xát Lúa Gạo,No tax code,No year,No scale,162.11130185118475,1593.944340321248,"Thạnh Phú, Mỹ Xuyên, Sóc Trăng, Việt Nam",9.4994251,105.8642593,ChIJCfaO9JuroTERJVF3vhgwujk
company_97,Doanh Nghiệp Tư Nhân Hiệp Thành A,"ấp Đông Mỹ, X. Mỹ Hội,Tp. Cao Lãnh, Đồng Tháp",No phone,No representative,No email,No description,Xay Xát - Nhà Máy Xay Xát Lúa Gạo,Xay Xát - Nhà Máy Xay Xát Lúa Gạo,Xay Xát - Nhà Máy Xay Xát Lúa Gạo,No tax code,No year,No scale,181.47681935525,1352.67704112584,"Ấp Đông Mỹ, Cao Lãnh, Đồng Tháp, Việt Nam",10.3957029,105.7262482,EjPhuqRwIMSQw7RuZyBN4bu5LCBDYW8gTMOjbmgsIMSQ4buTbmcgVGjDoXAsIFZpZXRuYW0iLiosChQKEgnt9tz30HwKMRHifD-Sjd7fbBIUChIJtxdkSSRjCjERzpqwg5vQc8o
company_98,Doanh Nghiệp Tư Nhân Bình Liêm Xay Xát,"Thôn Bình Liêm, X. Phan Rí Thành, H. Bắc Bình, Bình Thuận",No phone,No representative,No email,No description,Xay Xát - Nhà Máy Xay Xát Lúa Gạo,Xay Xát - Nhà Máy Xay Xát Lúa Gạo,Xay Xát - Nhà Máy Xay Xát Lúa Gạo,No tax code,No year,No scale,80.06461630002282,686.8146318176975,"Bình Liêm, Phan Rí Thành, Bắc Bình, Bình Thuận, Việt Nam",11.2060776,108.5329594,ChIJG7LiZQbEdjER1aIQZGQrdh8
company_99,Nhà Máy Xay Nam Định,"1 Bến Ngự, P. Phan Đình Phùng, Nam Định",No phone,No representative,No email,No description,Xay Xát - Nhà Máy Xay Xát Lúa Gạo,Xay Xát - Nhà Máy Xay Xát Lúa Gạo,Xay Xát - Nhà Máy Xay Xát Lúa Gạo,No tax code,No year,No scale,77.315478059069,2330.5272252369946,"1 Bến Ngự, Phan Đình Phùng, Nam Định, Việt Nam",20.4239356,106.1814391,ChIJDSmed0rnNTERSKZ3HMhgqxI
company_100,Doanh Nghiệp Tư Nhân Hoàng Khanh,"ấp Thạnh Hòa, H. Cờ Đỏ,TT. Cờ Đỏ, Tp. Cần Thơ",No phone,No representative,No email,No description,Xay Xát - Nhà Máy Xay Xát Lúa Gạo,Xay Xát - Nhà Máy Xay Xát Lúa Gạo,Xay Xát - Nhà Máy Xay Xát Lúa Gạo,No tax code,No year,No scale,195.34595695010665,742.5825020887777,"tt. Cờ Đỏ, Cờ Đỏ, Cần Thơ, Việt Nam",10.098075,105.4360963,ChIJaVit5UCYoDER81v-YZBmSIM
company_101,Doanh Nghiệp Tư Nhân Kim Tú,"X. Hàm Thắng, Q. Hàm Thuận Bắc, Bình Thuận",No phone,No representative,No email,No description,Xay Xát - Nhà Máy Xay Xát Lúa Gạo,Xay Xát - Nhà Máy Xay Xát Lúa Gạo,Xay Xát - Nhà Máy Xay Xát Lúa Gạo,No tax code,No year,No scale,131.21662084423554,984.0392468856928,"Hàm Thắng, Hàm Thuận Bắc, Bình Thuận, Việt Nam",10.9725767,108.1250791,ChIJSex8KrecdjERrfqZCu3bkwI
company_102,Doanh Nghiệp Tư Nhân Tiến Đạt,"ấp Cầu, X. Khánh Hậu, TX. Tân An, Long An",No phone,No representative,No email,No description,Xay Xát - Nhà Máy Xay Xát Lúa Gạo,Xay Xát - Nhà Máy Xay Xát Lúa Gạo,Xay Xát - Nhà Máy Xay Xát Lúa Gạo,No tax code,No year,No scale,51.37427020757974,626.2244782902358,"Khánh Hậu, Tp. Tân An, Long An, Việt Nam",10.5099443,106.3787583,ChIJZwJXLAa3CjERNDk-Cb38Acw
company_103,Doanh Nghiệp Tư Nhân Nguyễn Khả,"ấp Vĩnh Lợi 1, X. Châu Phong, H. Tân Châu, An Giang",No phone,No representative,No email,No description,Xay Xát - Nhà Máy Xay Xát Lúa Gạo,Xay Xát - Nhà Máy Xay Xát Lúa Gạo;Gạo - Công Ty Và Đại Lý Gạo,Gạo - Công Ty Và Đại Lý Gạo,No tax code,No year,No scale,150.70767672720353,2410.7331779169526,"Ấp Vĩnh Lợi, Vĩnh Lộc, An Phú, An Giang, Việt Nam",10.8264101,105.0894028,ChIJj_LB2fwoCjER3nKQTuWkey0
company_104,Doanh Nghiệp Tư Nhân Lê Minh Hoàng Xay Xát,"Khu Phố Lập Hòa,TT. Ma Lâm, Q. Hàm Thuận Bắc, Bình Thuận",No phone,No representative,No email,No description,Xay Xát - Nhà Máy Xay Xát Lúa Gạo,Xay Xát - Nhà Máy Xay Xát Lúa Gạo,Xay Xát - Nhà Máy Xay Xát Lúa Gạo,No tax code,No year,No scale,115.56162619008022,1349.085911906882,"tt. Ma Lâm, Hàm Thuận Bắc, Bình Thuận, Việt Nam",11.0510655,108.1058102,ChIJreYHtiicdjERDAxeNCSMWPE
company_105,Doanh Nghiệp Tư Nhân Gia Thuận,"Tổ 4, ấp Đông Mỹ, X. Mỹ Hội,Tp. Cao Lãnh, Đồng Tháp",No phone,No representative,No email,No description,Xay Xát - Nhà Máy Xay Xát Lúa Gạo,Xay Xát - Nhà Máy Xay Xát Lúa Gạo,Xay Xát - Nhà Máy Xay Xát Lúa Gạo,No tax code,No year,No scale,91.27363281954112,1496.093797840409,"Ấp Đông Mỹ, Cao Lãnh, Đồng Tháp, Việt Nam",10.3957029,105.7262482,EjPhuqRwIMSQw7RuZyBN4bu5LCBDYW8gTMOjbmgsIMSQ4buTbmcgVGjDoXAsIFZpZXRuYW0iLiosChQKEgnt9tz30HwKMRHifD-Sjd7fbBIUChIJtxdkSSRjCjERzpqwg5vQc8o
company_106,Doanh Nghiệp Tư Nhân Thành Công,"750/A ấp Long Thành A, X. Long Hậu,H. Lai Vung, Đồng Tháp",No phone,No representative,No email,No description,Xay Xát - Nhà Máy Xay Xát Lúa Gạo,Xay Xát - Nhà Máy Xay Xát Lúa Gạo,Xay Xát - Nhà Máy Xay Xát Lúa Gạo,No tax code,No year,No scale,106.60377030995608,2086.9900927190656,"Long Thành - Thông Dong, Long Hậu, Lai Vung, Đồng Tháp, Việt Nam",10.2761943,105.6133533,ChIJy31KsTV4CjER_FrgM3eiGP4
company_107,Doanh Nghiệp Tư Nhân Mười Xương Xay Xát,"Thôn 1, X. Hàm Đức,Q. Hàm Thuận Bắc, Bình Thuận",No phone,No representative,No email,No description,Xay Xát - Nhà Máy Xay Xát Lúa Gạo,Xay Xát - Nhà Máy Xay Xát Lúa Gạo,Xay Xát - Nhà Máy Xay Xát Lúa Gạo,No tax code,No year,No scale,132.45070318309357,2386.1414249647296,"Thôn 1, Hàm Thuận Bắc, Bình Thuận, Việt Nam",11.0480182,108.1644531,ChIJFRlQXOCbdjEROnOrAyRttW0
company_108,Nhà Máy Sông Hương Xay,"36B Đinh Tiên Hoàng, P. 8, Vĩnh Long",No phone,No representative,No email,No description,Xay Xát - Nhà Máy Xay Xát Lúa Gạo,Xay Xát - Nhà Máy Xay Xát Lúa Gạo,Xay Xát - Nhà Máy Xay Xát Lúa Gạo,No tax code,No year,No scale,167.7201347044518,590.4211608890613,"A 36 Đinh Tiên Hoàng, Phường 8, Vĩnh Long, Việt Nam",10.2318403,105.9494025,ChIJMxoFIL2CCjERJIHvBnscvL8
company_109,Doanh Nghiệp Tư Nhân Tám Trang,"ấp Cầu, X. Khánh Hậu, TX. Tân An, Long An",No phone,No representative,No email,No description,Xay Xát - Nhà Máy Xay Xát Lúa Gạo,Xay Xát - Nhà Máy Xay Xát Lúa Gạo,Xay Xát - Nhà Máy Xay Xát Lúa Gạo,No tax code,No year,No scale,68.0279223439045,1216.163218821389,"Khánh Hậu, Tp. Tân An, Long An, Việt Nam",10.5099443,106.3787583,ChIJZwJXLAa3CjERNDk-Cb38Acw
company_110,Thắng Lợi - DNTN,"ấp Long Thạnh A, TT. Thốt Nốt,H. Thốt Nốt, Tp. Cần Thơ",No phone,No representative,No email,No description,Xay Xát - Nhà Máy Xay Xát Lúa Gạo,Xay Xát - Nhà Máy Xay Xát Lúa Gạo,Xay Xát - Nhà Máy Xay Xát Lúa Gạo,No tax code,No year,No scale,191.4311707850781,1196.2632221613962,"268, 162 QL91, TT. Thốt Nốt, Thốt Nốt, Cần Thơ, Việt Nam",10.2705093,105.5324258,ChIJSV6CFIl3CjEReeq3Q0-fMsU
company_111,Công Ty Chế Biến Kinh Doanh Lương Thực Thực Phẩm Ninh Bình,"Võ Thị Sáu, P. Đông Thành, Ninh Bình",No phone,No representative,No email,No description,Xay Xát - Nhà Máy Xay Xát Lúa Gạo,Xay Xát - Nhà Máy Xay Xát Lúa Gạo,Xay Xát - Nhà Máy Xay Xát Lúa Gạo,No tax code,No year,No scale,70.02791497040369,1355.3670184684163,"Võ Thị Sáu, Đông Thành, Tp. Ninh Bình, Ninh Bình, Việt Nam",20.2601719,105.9784772,EkJWw7UgVGjhu4sgU8OhdSwgxJDDtG5nIFRow6BuaCwgVHAuIE5pbmggQsOsbmgsIE5pbmggQsOsbmgsIFZpZXRuYW0iLiosChQKEgkzmoJ4UXc2MREQlyvkSZ1nOxIUChIJMSN1R1d3NjEROQEavI1z5RU
company_112,Phước Sinh - Công Ty TNHH Thương Mại Dịch Vụ Phước Sinh,"Khu Công Nghiệp Vĩnh Lộc, Lot C12/1,Đường 2F, X. Vĩnh Lộc A, H. Bình Chánh, TP. Hồ Chí Minh (TPHCM)",No phone,No representative,No email,No description,Xay Xát - Nhà Máy Xay Xát Lúa Gạo,"Xay Xát - Nhà Máy Xay Xát Lúa Gạo;Bột Mì, Bột Ngô, Năng, Gạo, Nếp","Bột Mì, Bột Ngô, Năng, Gạo, Nếp",No tax code,No year,No scale,79.26288903239782,1563.2633373872434,"RHHV+JHG Kcn, Đ. Vĩnh Lộc Đường Số 8, Vĩnh Lộc A, Bình Chánh, Hồ Chí Minh, Việt Nam",10.8290538,106.5939622,ChIJx6U7ILArdTERTFXuU3EkLtE
company_113,Nhà Máy Xát Xay Gạo Dung Chiếm,"Số 108, TDP. 2, Miêu Nha, Tây Mỗ, Q. Nam Từ Liêm, Hà Nội Hà Nội",No phone,No representative,No email,"Nhà Máy Xát Xay Gạo Dung Chiếm chuyên cung cấp các sản phẩm về gạo như: Gạo Tám Điện Biên, Gạo Bắc Hương, Gạo Tám Thái, Gạo nếp cái hoa vàng, Gạo nếp nhung,.. Đến với chúng tôi các bạn sẽ lựa chọn được những loại gạo thơm ngon, ưng ý Quý khách hàng.",Gạo - Công Ty Và Đại Lý Gạo,Gạo - Công Ty Và Đại Lý Gạo;Xay Xát - Nhà Máy Xay Xát Lúa Gạo;Nhà phân phối - Bán sỉ;Miền Bắc;ISO 9001:2000,ISO 9001:2000,2005,ISO 9001:2000,Nhà Máy Xát Xay Gạo Dung Chiếm,114.63851023817786,2125.961370119952,"2 P. Miêu Nha, Tây Mỗ, Nam Từ Liêm, Hà Nội, Việt Nam",21.0114484,105.7466467,ChIJI1WbVXtTNDERoCzASwPcCuA
company_114,Doanh Nghiệp Tư Nhân Tài Lợi,"153 ấp Xẻo Chích, TT. Châu Hưng, H. Vĩnh Lợi, Bạc Liêu",No phone,No representative,No email,Doanh nghiệp tư nhân Tài Lợi chuyên cung cấp gạo và xay xát gạo.,Gạo - Công Ty Và Đại Lý Gạo,Gạo - Công Ty Và Đại Lý Gạo;Xay Xát - Nhà Máy Xay Xát Lúa Gạo,Xay Xát - Nhà Máy Xay Xát Lúa Gạo,ít hơn 5 người,Doanh Nghiệp Tư Nhân Tài Lợi,1900173102,52.56577701873773,2200.3458958336923,"Châu Hưng, Tp. Bạc Liêu, Bạc Liêu, Việt Nam",9.3388612,105.7292491,ChIJGe4og18IoTERJAywwDzGQXU
company_115,Doanh Nghiệp Tư Nhân Bảo Vân,"63 Tổ 2, ấp Long Hòa, X. Long An, H. Tân Châu, An Giang",No phone,No representative,No email,No description,Gạo - Công Ty Và Đại Lý Gạo,Gạo - Công Ty Và Đại Lý Gạo;Xay Xát - Nhà Máy Xay Xát Lúa Gạo,Xay Xát - Nhà Máy Xay Xát Lúa Gạo,No tax code,No year,No scale,188.66772282367455,1734.6623895708838,"63 Đường Lý Thái Tổ, TT. Tân Châu, Tân Châu, An Giang, Việt Nam",10.7970033,105.2498326,Eko2MyDEkMaw4budbmcgTMO9IFRow6FpIFThu5UsIFRULiBUw6JuIENow6J1LCBUw6JuIENow6J1LCBBbiBHaWFuZywgVmlldG5hbSIwEi4KFAoSCVk6E3ZpMAoxEXJzNcOI_HViED8qFAoSCY2_P3ZpMAoxEUb3_5Qc4ZjQ
company_116,Thuận Thuận - Công Ty TNHH Thuận Thuận,"100B ấp Tân Hòa, P. An Hòa, TX. Sa Đéc, Đồng Tháp",No phone,No representative,No email,No description,Xay Xát - Nhà Máy Xay Xát Lúa Gạo,Xay Xát - Nhà Máy Xay Xát Lúa Gạo;Gạo - Công Ty Và Đại Lý Gạo,Gạo - Công Ty Và Đại Lý Gạo,No tax code,No year,No scale,69.23564324009617,1678.296750335748,"Tân Hòa, Tân Phú Trung, Châu Thành, Đồng Tháp, Việt Nam",10.2406266,105.7373303,ChIJdw_B0YJ_CjEReMdfD_k6EyY
